Month,MonthlyRevenue,UniqueCustomers
2010-12,572713.8900000163,885
2011-01,569445.0400000077,741
2011-02,447137.3500000165,758
2011-03,595500.760000013,974
2011-04,469200.3610000132,856
2011-05,678594.5600000018,1056
2011-06,661213.6900000116,991
2011-07,600091.0110000141,949
2011-08,645343.900000009,935
2011-09,952838.3819999964,1266
2011-10,1039318.7899999822,1364
2011-11,1161817.3799999433,1665
2011-12,518192.7900000037,615
