Segment,TotalRevenue
Frequent Low Spender,33719.730000000316
High Value,280206.01999999984
Other,8597482.154
